ID,Name
19,Cantonese
902,Kaiabi
1169,Au
2314,Northeastern Thai
1670,Iloko/Ilocano
2634,Murrinh-patha
1155,Huallaga (Huanuco) Quechua
664,bambara
805,nugunu
853,Yeyi
2501,Mongghul
1869,Carib
2476,Iron Ossetic
1184,Banoo
320,EJAGHAM
117,Ocaina
722,gɛn-mina
24,Garo
1709,Balti
1027,Yukaghir (Kolyma)
1112,Gojri; Gujari; Gujar
2794,Ngintait
3014,Yawijibaya
2426,Nyaw
2576,Gutob
1312,Jumjum
470,MARGI
344,GUAJIRO
329,FINNISH
23,Lahu
2960,Ngalia
1191,Biak
594,TARASCAN
2243,Moksha
691,dan
2791,Nulit
1103,Blackfoot
620,WARAY
738,jur mödö
2418,Yaghnobi
1856,Tsáfiki
537,SENADI
2748,Mithaka
1388,Pangwa
1007,Shimakonde
473,MURSI
2034,Huallaga Huánuco Quechua
2149,Yanomamɨ of Parawau
1331,Tiv
568,TELUGU
1067,Tibetan
1760,Lushai
1626,Mokpwe
2014,Sharanawa
1779,Pengo
70,Nootka
317,EKARI
1371,Nzɛbi
2079,Emerillon
1060,Baga Koga; Koba; Barka
1820,Kinikinao
875,Endo
2506,Meadow Mari
3003,Lardil
2488,Lithuanian
1326,Likpe
1336,Kibudu
520,PARAUK
63,Chipewyan
774,mambila
1666,Tagalog
2266,Tajik
2208,Central Sama
2279,Northern Khanty
381,JEBERO
854,Cavinena
1821,Manchinere
1881,Pemon
146,Luvale
1537,Rigwe
1633,Pana
1599,Mbe
1275,Lele
2993,Dharawal
1887,Wayana
1107,Comox
825,tamasheq
42,Maori
609,WARAO
547,SIERRA MIWOK
653,agni sanvi
159,Norwegian
2798,Barada
2025,Ferreñafe Quechua
3013,Worrorra
922,Ladakhi
1039,Baruga
2763,Pitta Pitta
672,bassar
2583,Basque
1074,Euchee; Yuchi
2607,Najdi Arabic
1026,Yuracure
1123,Molalla
1595,Vame
1534,Nuer
1115,Chilliwak Halkomelem
801,ngbandi
1022,Zapotec
2605,Sui
2589,Waneci
1314,Lulubo
2323,Hakka Chinese
2381,Zuberoan Basque
878,Furu
1106,Koasati
814,sango
221,ALAMBLAK
2162,Bengali
662,bafut
2861,Warlpiri
410,KIRGHIZ
2953,Manjiljarra
1967,Maxakalí
868,Dhangar
998,Savara
1535,West Kainji
2824,Yiningay
1382,Oko
1947,Aguaruna
227,ANDAMANESE
486,NAHUATL
1593,Raβai
2738,Yanda
2572,Tai Nuea
110,Campa
2906,Kuthant
492,NONI
2845,Nyamal
812,sabaot
2888,Muluridji
177,Bengali
1805,Lokono
2740,Yalarnnga
1851,Aymara
2711,Kaytetye
98,Mazahua
1391,Balante
2727,Dhudhuroa
333,FUR
2656,Gun-Dedjnjenghmi
2246,Lao
1661,Anfillo
2726,Yuwaliyaay
330,FE?FE?
788,mofu-gudur
1029,Wambon
1692,Cebuano
3018,Ngardily
1959,Guató
2926,Agwamin
2052,Desano
1271,diriku
985,Pray
127,Somali
1319,Xhosa
682,boussa
1548,Birifor
1222,Colorado; Tsafiki
1171,Petats
2871,Wajuk
1286,ngwe
1437,Bade
815,senoufo
1043,"Pa-O, Taungthu"
2174,Dutch
27,Thai
2173,Dutch
2940,Butchulla
2997,Gundungurra
156,Irish Gaelic
232,AUCA
327,NUBIAN
2549,Chechen
1902,Emberá-Catío
1129,Mundurukú
1403,Hide
1199,Baga Sitem
2903,Yintyingka
3020,Tableland Lamalama
2665,Wubuy
1033,Warihio
1176,Awing
465,MORO
8,Telugu
1718,Chokri
1610,Siwi
270,ASHUSLAY
839,wan
1258,kpaʔ
1961,Kaingang
2125,Pumé
2891,Yidiny
2686,Ngarnka
2778,Yari-Yari
2941,Gabi-Gabi
318,GREEK
372,ISOKO
1142,Kabiye
822,soso
1735,Kanigke:rgotti
800,ngbaka
973,Mianmin
2631,Gooniyandi
192,Even
1929,Leco
887,Huaylas
1023,Yuki
106,Araucanian
134,Maltese
2905,Kurtjar
392,CAMSA
2676,Ndjebbana
2986,Eora
472,MIXE
2404,Varli
386,JAPRERIA
2068,Aché
2041,Tena Quechua
1358,Avikam
2724,Wiriyaraay
215,ALBANIAN
1933,Muniche
1750,Kota
2584,Breton
1987,Mosetén de Santa Ana
1812,Baniwa
651,adja
1591,Kambe
666,banda
2880,Aghu Tharnggala
1024,Yapese
2256,Darkhat
1134,Nigerian Pidgin
2971,Dhangu
2958,Antakirinya
150,Kanuri
1572,Akasilimi
1277,mongo-nkundu
2890,Djabugay
961,Nganikurungkurr
246,KOHUMONO
652,adja
276,FUZHOU
1687,Kupang Malay
268,BRIBRI
1875,Kaxuiâna
2171,Dutch
772,lyélé
2083,Mbyá
53,Washkuk
1690,Indonesian
164,Spanish
2050,Barasana-Eduria
235,ABIPON
2499,Serbian
2396,Hayu
2085,Guarayu
1510,Zway
635,YANA
2849,Yindjibarndi
1093,Acehnese
2321,Yousafzai Pashto
1944,Yahgan
1780,Punjabi
778,mangbetu
2252,English
1468,Dzuungoo
2645,Garrwa
1996,Mamaindé
2683,Jaminjung
1679,Kambera
2051,Kubeo
2788,Bidhawal
2909,Aritinngithigh
1355,Gwandara (Gitata)
3007,Ngarinyin
1452,Degema
1549,Kwatay
1307,Krim
1870,Carijona
1190,Betta Kurumba
2821,Wadjabangay
2080,Gavião do Jiparaná
2957,Warnman
994,Samre
2671,Ilgar
17,Wu
2799,Barna
484,NAVAJO
1434,Belanda Boor
1803,Achagua
1509,Beria
2524,Lezgian
253,BISA
929,Lukundu
782,mboó
91,Zuni
2522,Solu Sherpa
1477,Gimira
1660,Nawuri
1202,Subiya
1512,"Bobo, North"
2018,Yora
1449,Shekgalagari
1397,Harari
2055,Koreguaje
1226,Kinnauri; Kanauri
2899,Kugu Nganhcara
1160,Abau
618,WOLOF
986,Mal
661,babungo
210,ALABAMA
3,Lak
1646,Eciruuri
838,waama
2575,Komi-Permyak
2128,"Huitoto, Minica"
2684,Ngaliwurru
2848,Panyjima
1619,Ajumbu
2045,Cavineña
2551,Shan
2650,Urningangg
515,YAY
441,LELEMI
1289,cilungu
1086,Tongan; Tonga
7,Kurukh
678,biali
888,"Huave, San Mateo del Mar"
173,Pashto
536,SENECA
256,MUINANE
2483,Nuosu
2810,Yilba
1260,limbum (southern)
354,HINDI-URDU
477,PIRAHA
1748,Koraga
584,LENAKEL
2540,Tofa
1418,Krongo
2586,Southwestern Pashto
2795,Yaraldi
1044,Ternate
2951,Warumungu
862,Barbareño
1891,Ika
1972,Rikbaktsa
1853,Awa-Cuaiquer
452,MAZAHUA
2557,Hungarian
1778,Pat̩t̩an̩i
2226,Pitjantjatjara
307,DINKA
3015,Wardaman
781,mbembe
925,Lavukaleve
1511,Leke
2761,Arabana
743,karaboro
2895,Rimanggudinhma
424,KPAN
1430,Thakik
1462,Gumer
432,!XU
2312,Daur
1663,Talasa
496,NIVKH
1603,Bwamut
1696,Hiligaynon
859,Chinanteco
2448,Livonian
1847,Jarawara
1652,Sandawe
2493,Latvian
2642,Larrakia
1272,kwangari
1925,Candoshi-Shapra
33,Batak
943,Moken
2863,Wulguru
727,gulmancema
1513,Bena
1409,Moloko
2107,Tenharim
488,NEPALI
1589,Giryama
167,Bulgarian
1360,San
433,KUNAMA
1647,Wawa
1899,Tunebo
950,Ndemli
1706,Assamese
2567,Jah-Hut
2022,Cajamarca Quechua
2646,Waanyi
1188,Bemba
874,Ekpeye
2401,Kabardian
2229,Tashlhiyt Berber
2484,Northern Kurdish
1299,Dghwede
1376,Nyam
2829,Mayi-Kulan
388,INUIT
2608,Akha
2750,Thirarri
1600,Nchane
2537,Khalkhal
301,DAHALO
1544,Ahaan
311,RUKAI
420,KANAKURU
2616,Erzya
1016,Spokan
546,EPENA PEDEE
1543,Glavda
2338,Burmese
200,ADZERA
2240,Udmurt
2735,Gumbaynggir
2263,gLo Tibetan
25,Karen
1845,Dení
356,HOPI
1053,Jamaican Creole
2478,Occitan
2352,Lizu
449,LUSHOOTSEED
2507,Shan
1705,Apatani
992,Samba Leko
1602,Njem
2647,Kunindirri
2202,Mavea
2682,Mangarrayi
2857,Ngardi
39,Iai
2912,Linngithigh
579,TLINGIT
1373,Kambaata
847,yorouba
1387,Kipsigis
1912,Guayabero
2739,Kalkatungu
598,PICURIS
255,BELLA COOLA
3008,Gambera
770,luganda
1678,Mori Bawah
211,QAWASQAR
611,WICHITA
1882,Pemon
242,BATS
1018,Satawalese
741,kambari
1244,Agni Morofo
339,GWARI
575,TAMASHEQ
789,moore
1656,Nchufie
729,hausa
1357,Gwandara (Nimbia)
358,HUNGARIAN
1618,Mundabli
102,Paez
2889,Wagaman
1330,Sele
2952,Kartujarra
1699,Pagasinan
197,Japanese
14,Cambodian
2808,Yangga
1398,Dinka
1638,Kigweno
2110,Uru-Eu-Wau-Wau
2504,South Mustang Tibetan
43,Hawaiian
298,DAN
832,tikar
1761,Maithili
2497,Pite Saami
1345,Tupuri
1521,Abure
2069,Akuntsú
2635,Ngan'gityemerri
1116,Huastec
2423,Shan
2639,Marrithiyel
119,Guarani
963,Ngombale
564,TABI
1288,yala
504,NYIMANG
1764,Manipuri
1689,North Maluku Malay
705,ẹzaa
2172,Dutch
2108,Tuparí
915,Konni
1110,Etsako
3000,Thawa
1580,Igo
495,NIMBORAN
1216,Aheu; Thavung
325,EYAK
2304,Vallader Romansh
2151,Yanomamɨ of Venezuela
1038,Tapiete
916,Kuay
2626,Iron Ossetic
407,KHMER
841,wolof
131,Amharic
2842,Ngarla
1305,Kofyar
144,Beembe
700,duala
1680,Tetun
2511,Kharia
1768,Mising
1127,Mocovi
2076,Awetí
2569,Vlax Romani
2733,Warrgamay
799,ngambai
2462,Vietnamese
2936,Narrungga
2661,Mayali
1582,Kwanja
453,MAXAKALI
2357,Bhojpuri
1456,Soddo
897,Jarawara
1135,Northern Pomo
638,NENETS
1062,Selaru
2380,Lhasa Tibetan
551,SA'BAN
2949,Western Wakaya
2320,Lao
2148,Sanömá of Kolulu
2781,Wathi Wathi
2820,Warungu
567,TEHUELCHE
694,dholuo
1448,Kimwani
231,ARABIC
170,Modern Greek
2954,Putijarra
783,mekaa
2163,Bulgarian
296,CAYUVAVA
2489,Nangchenpa Tibetan
1415,Weh
846,yom
1059,San Bartolomé Zoogocho Zapotec
478,MUMUYE
991,Marwari
2169,Dutch
1844,Ignaciano
1841,Yine
2424,Iron Ossetic
3005,Tiwi
1698,Minangkabau
971,Nyeu
2767,Garlali
880,Gbari
2099,Pai Tavytera
631,TAROK
2203,Nara
1659,Fipa
1021,San Miguel Chimalapa Zoque
2846,Nyiyaparli
1651,Fuliiru
1828,Paresí
1469,Bagirmi
476,BURMESE
1287,jowulu
225,WESTERN DESERT
1751,Koya
1654,Ejagham
1470,Ngiti
1364,Welamo
2963,Pintupi
1353,Gwandara (Cancara)
595,TERA
2289,Munji
704,ẹdo
455,MBUM
403,KHASI
2232,Upper Saxon
2514,Wakhi
817,sissala
50,Alawa
498,MAIDU
138,Wolof
2249,Bakhtiari
223,ANGAS
1807,Ashéninka
57,Auyana
1717,Chandangs and Byangs
2432,Iron Ossetic
81,Nez Perce
1200,Bubia
625,KOMA
807,pandikeri
953,Nankina
1255,herero
3010,Wunambal
1938,Tinigua
926,Bafo
2894,Lamalama
802,ngyembɔɔn
2480,Czech
732,igbo
730,hausa
2492,Northeastern Thai
2465,Andi
2764,Wangkayutyuru
481,XIAMEN
93,Tewa
1091,Ambele
1724,Gojri
514,PANARE
728,hanga
648,ZUNI
190,Yakut
2145,Aymara
1788,Tamil
2789,Muk-Thang
1406,Lagwan
1145,Italian
630,YUCUNA
2606,Ilocano
1740,Kharia
172,Persian
931,Mada
2221,Kumzari
1479,Yemsa
710,fe'efe'fe
1013,Skou
2088,Kaapor
901,Kada
919,Kusunda
2398,German
2968,Malyangapa
1132,Northern Pame
2560,Ahi
1668,Kimaragang
786,minyanka
2411,Drokpa Tibetan
105,Aymara
2828,Kukatj
1501,Kwanyama
1124,Matses
2939,Guweng
493,LUA
573,TAGALOG
2251,Ingush
312,DAGUR
427,KORYAK
688,dagaare
2897,Wik-Ngathan
241,BATAK
1986,Mosetén de Covendo
400,KOTA
2101,Sakirabiá
1598,"Mofu, South"
1203,Totela
697,ditammari
519,POHNPEIAN
1553,Kriyol
509,PAPAGO
675,berom
429,KURUKH
58,Kunimaipa
357,HADZA
1122,Loniu
2546,Campidanese Sardinian
513,PAEZ
2293,Kuvi
1328,Shanjo
2295,Mundari
402,KAINGANG
2929,Umbuygamu
2858,Ngarinyman
1049,Standard Yiddish
2826,Mangala
1719,Darmiya
1871,Hixkaryána
2765,Kungkari
1259,lega-shabunda
1231,Friulian
205,AIZI
1001,Sedik
787,mo
790,muan
1508,Konkomba
204,AGHEM
2419,Basque
2495,Oriya
1642,Kikahe
287,LAI
1443,Kikamba
1109,Dimili
1090,Adang
1215,Ke''o; Kéo'
2143,Pisamira
2106,Tembé
1239,Barbareño
1980,"Kaingáng, São Paulo"
1209,Suri
993,Samo de Toma
794,mwaghavul
2737,Guwa
2815,Gunggari
218,HAMER
2313,Humla Bhotia
2796,Yitha Yitha
578,TIRURAY
2377,Brahui
696,dioula
1524,Aghem
2242,Eastern Yugur
1786,Sindhi
1877,Macushi
2093,Kayabí
67,Haida
395,DERA
2127,Uru
1922,Andoke
1270,mbukushu
2271,Northern Khanty
1294,Logo
797,nʋni
1419,Kanga (Kanga)
1790,Tangsa
1984,Wichí
2354,Betta Kurumba
2322,Wazirwola
660,avokaya
2976,Djinang
2175,English (American)
2407,Japhug
1736,Karbi (Mikir)
834,toura
1240,Lele (Lyélé)
302,DAFLA
2663,Rembarrnga
1302,Gechode
352,HAWAIIAN
968,Nuer
1631,Orma
463,MANCHU
1198,Brokskat
1782,Sanskrit
643,YULU
323,EWE
2179,English (New Zealand)
1579,Lango
2185,Swiss German
1827,Paraujano
22,Burmese
2046,Ese Ejja
2847,Palyku
440,LAK
2707,Ayerrerenge
1162,Akha
1466,Endegen
1632,Pinyin
2719,Gamilaraay
1218,Tiwi
744,karaŋ
1149,Slovene
390,GEORGIAN
259,BRAO
2876,Southern Paakintyi
1852,Jaqaru
1910,Cuiba
1006,Shanenawa
768,lingala
1042,Mazanderani
889,Huanca
2417,Mingrelian
2972,Gupapuyngu
2920,Yadhaykenu
1350,Tigrinya
1657,Burji
275,CACUA
2167,Danish
2215,Thai
951,Chiricahua Apache
1691,Madurese
364,IBAN
2955,Wangkajunga
135,Modern Hebrew
508,OJIBWA
2097,Nheengatú
340,GELAO
580,JOMANG
2248,Estonian
944,Moseten
464,MOR
2268,Beserman
1217,Sakirabiá; Mekens
428,SEBEI
80,Tunica
2394,Dzongkha
240,BARIBA
1257,songhoy
2710,Western Arrernte
1794,Tripuri
2548,Achang
1943,Warao
1265,Nen
2482,Tundra Nenets
2879,Takalak
1596,Numala
2793,Ngayawang
1577,Gavar
2335,Lak
2098,Omagua
435,CUNA
2049,Tacana
735,ikwo
1451,Alaaba
2351,Iron Ossetic
702,ebira
1084,Southern Ute; Ute; Ute-Southern Paiute
1036,Palula (Phalura)
762,lendu
2468,Abkhaz
1459,Muher
234,AWIYA
337,GARAWA
693,daza
2839,Kariyarra
1032,Wogeo
456,MABA
2964,Pitjantjatjara
1846,Jamamadí
2140,Iquito
1151,Taba
2021,Ancash Quechua
2902,Umpila
823,swahili
446,LAME
2673,Miriwoong
890,Louyi
2454,Magahi
2350,Northern Cuona
483,NASIOI
2751,Karangura
1817,Curripaco
2715,Minjungbal
1772,Nepali
2974,Djambarrpuyngu
2526,Sora
153,Luo
2282,Lithuanian
1906,Günün Yajich
1567,Tangale
921,Kwaza
2150,Yãroamë of Serra do Pacu/Ajarani
1241,Fulfulde (Cameroon)
2780,Madhi-Madhi
2946,Bularnu
2609,Tatar
1575,Bum
350,HAKKA
996,Saanich
13,Sedang
679,bimoba
1300,Eloyi
1167,Arapesh
852,Fwe
1322,Mmani
2372,Northern Altai
2672,Iwaidja
92,Tiwa
633,YIDINY
777,manding
2512,Chechen
2286,Tundra Yukaghir
37,Tagalog
2747,Warriyangga
2074,Asuriní do Tocantins
1756,Ladakhi
634,YUKAGHIR
983,Urii
1230,Chickasaw
2366,Ladakhi
475,KALA LAGAW YA
2059,Secoya
1150,Swedish
1412,Kemezung
981,Dobu
1333,Xamtanga
2122,Karirí-Xocó
1672,Moklen
6,Burushaski
726,guɗe
780,mündü
2400,Udmurt
2223,Standard Malay
632,YAGARIA
2105,Tapirapé
1368,Higi
168,Lithuanian
1627,Siamou
2923,Thaayorre
2217,Turkish
2000,Capanahua
864,Comanche
1762,Malayalam
1865,Bakairí
2561,Burushaski
2510,Mehri
2443,Romanian
1951,Nukak
324,EWONDO
46,Kunjen
2288,Even
742,kanuri
2967,Kala Lagaw Ya
2883,Ogh Unyjan
1839,Yavitero
1012,Shawnee
2640,Marti Ke
319,YUPIK
1939,Trumai
2866,Goreng
2644,Umbugarla
1868,Carib
2475,Northern Mansi
1487,Kwama
1037,East Makian
181,Cheremis
956,Naki
1208,Jiarong
2204,Nepali
2529,Kapampangan
1498,Koyaga
2585,Southern Pumi
2704,Western Anmatyerre
2805,Miyan
2367,Shan
2873,Wudjari
2878,Ikarranggal
641,YUCHI
2893,Djangun
347,GUAMBIANO
1714,BoRo
671,bassa
1311,Joola Huluf
422,KONKANI
107,Island Carib
1935,Puinave
38,Chamorro
1147,Seri
1263,myene
1566,Saotomense
792,munukutuba
1034,Vai
239,BARASANO
249,BEJA
315,DIOLA
1072,Michif
809,pulaar
1637,Toura
2225,Kedayan
1850,Suruahá
2131,Ocaina
2921,Yinwum
1516,Lele
1942,Waorani
247,SAMA
2114,Xipaya
1730,Irula
84,Totonac
1741,Khasi
2502,Labrang Tibetan
103,Itonama
2193,Irish
2660,Kunwinjku
1139,Croatian
2664,Warray
2518,Northern Thai
918,Kuot
2219,Bukharan Tajik
1525,Arbore
1727,Halbi
1880,Panare
1417,Keiga
549,SAAMI
2082,Guajajára
2245,Moksha
2979,Ritharrngu
271,NICOBARESE
2703,Eastern Anmatyerre
2553,gSerpa
2267,Yongning Na
1997,Sabanê
1538,Izere
1526,Abidji
1754,Kurux
1003,Semelai
1532,Akpes
1125,Manipuri
2466,Urdu
2758,Punthamara
2550,Santali
746,kasɩm
1223,Tzutujil
396,KHANTY
2706,Central Arrernte
2832,Mayi-Yapi
2995,Dhurga
2773,Kolakngat
1974,Tapayuna
1752,Kui
923,Langi
1669,Belait
3012,Unggumi
646,ZOQUE
978,Orokaiva
1890,Wari'
934,Mamenyan
1703,Angami
1872,Ikpeng
1514,"Kpelle, North"
1138,Catalan
491,NGIZIM
2720,Muruwari
1675,Javanese
2339,Malto
1712,Bhili
157,Breton
2620,Manange
426,KOMI
2358,Gheg Albanian
2094,Kuruáya
1561,Liberian English
2283,Iron Ossetic
2593,Latgalian
2037,Yaru Quechua
2649,Mengerrdji
2064,Tucano
1831,Tariana
2371,Laz
2756,Yawarrawarrka
821,sooninke
1005,Shabo
64,Chasta Costa
810,pular
1885,Waimiri-Atroarí
2850,Yinhawangka
2363,Macedonian
1570,Krio
850,zarma
552,SOMALI
2544,Tamang
1787,Soːra
1140,Czech
1413,Nateni
2159,Assamese
2822,Wangan
490,NEZ PERCE
979,Yil
2270,Ishkashimi
1838,Yánesha
336,GADSUP
1601,Mfumte
2884,Anguthimri
893,Ingush
348,ACHE
196,Ainu
59,Selepet
2168,Luanyjang Dinka
1297,Abua
1518,Mano
2694,Warrwa
811,rendille
1293,Moru
2370,Nivkh
984,Boiken
1342,Afar
2674,Kija
3002,Kayardild
359,HUPA
1187,Ida''an'
1876,Kuikúro-Kalapálo
891,Ibani
2111,Wayampi
1237,Wari; Wari''; Wariʔ; Oro Nao'
1792,Thaadou
1159,Abulas
836,vagala
425,SRE
936,Ngemba
1214,Muna
183,Hungarian
2413,Eastern Mari
714,fulfulde
999,Popoluca de Sayula
1864,"Arára, Pará"
1438,Pichi
251,BEEMBE
2158,"Arrernte, Central"
18,Hakka
1814,Cabiyarí
401,KOYA
243,BOBO-FING
1611,Ndamba
162,French
865,Cupeno
2095,Makuráp
1907,Chon
2570,Udihe
2494,Ter Saami
335,GA
2118,Aikanã
2629,Burarra
939,Mbodomo; Mbódɔ̀mɔ́
1702,Andamanese
942,Mmen
273,CAYAPA
2749,Diyari
1349,Northern Mao
2119,Arára do Mato Grosso
2983,Yugambal
607,WAPPO
104,Quechua
1766,Marathi
305,DIYARI
2072,Araweté
1837,Xiriâna
851,zulgo
1930,Lule
94,Luiseno
2235,Northern Saami
1233,Ega
1321,Sherbro
558,SUENA
945,Mpumpun
338,GBEYA
1267,yao
245,BARDI
2191,Hungarian
927,Lunda
1408,Mbuko
2930,Oykangand
1497,Heiban
2121,Kanoé
2677,Gurr-Goni
2965,Yankunytjatjara
2040,Salasca Quechua
1578,Gu'de
590,TONKAWA
2714,Guwar
863,Coeur d''Alene'
423,KOREAN
2854,Jaru
2908,Alngith
1472,Me'en
1949,Shuar
767,limbum
41,Adzera
2582,Tay Yo
1121,Lisu
972,Obolo
1136,Texistepec Popoluca
525,QUILEUTE
2581,Hill Mari
967,Nubi
2205,Persian
191,Khalkha
2819,Gugu Badhun
3011,Umiida
2388,Dolakha Newar
2689,Gudanji
2579,Tuvan
1362,Galla
29,Cham
2392,Svan
2892,Malthanmungu
531,RUTUL
866,Cuvok
769,lokpa
2603,Tundra Nenets
1897,Border Kuna
2685,Nungali
2347,Mah Meri
2416,Turkish
2617,Nar-Phu
2365,Tausug
2632,Matngele
1563,Eton
848,yorouba
79,Alabama
534,YAKUT
882,Guajajara
2942,Barunggam
88,Karok
2774,Daungwurrung
1243,Agni Djuablin
346,GUAHIBO
947,Mvumbo
2389,Iron Ossetic
2284,Juhuri
2602,Lower Sorbian
1886,Waiwai
608,WAPISHANA
2073,Asurini do Xingú
115,Ticuna
1069,Tolowa; Tolowa-Chetco
1884,Trió
1919,Toba
2860,Warlmanpa
1327,Mampruli
1781,Remo
2278,Mirandese
2882,Ogh Awarrangg
707,emai
124,Hausa
2196,Japanese
2378,Faroese
1564,Reunionnais
2382,Kyrgyz
2928,Mbabaram
2200,Luxembourgish
2653,Gaagudju
1950,Kakua
2209,Slovak
2130,Nonuya
2412,Alutor
1052,Gayo
2011,Poyanáwa
1608,Ts'amakko
2594,Catalan
2336,Kunigami
2452,Gujarati
2287,Korean
1432,Luwo
2984,Darkinyung
12,Khasi
471,MARANAO
2746,Thiin
1213,Ngad''a; Ngadha'
2800,Biri
1061,Southern Nuautl
66,Navaho
995,Sabane
2385,Lao
1346,Kuo
2328,Brag-g.yab Tibetan
511,PACOH
76,Seneca
263,BODO
419,KURDISH
1639,Sisumbwa
480,SOUTHERN NAMBIQUARA
1385,Defaka
2438,Arbëresh Albanian
1623,Lwaa
55,Telefol
51,Wik-Munkan
2272,Zurich German
1396,Argobba
1765,Mao-Naga
980,Ningil
1556,Bakaka (Babong)
2680,Warndarrang
342,IRISH
1153,Yine
1774,Ollari
2708,Eastern Arrernte
1347,Kare
285,CHUKCHI
637,YAREBA
526,RESIGARO
1220,Thulung; Thulung Rai
2455,Slovene
2236,Belhare
2123,Kunza
2496,Northeastern Thai
1274,"Songhay, Koyraboro Senni"
1962,Karajá
2636,Patjtjamalh
2721,Ngiyambaa
2868,Minang
2092,Karo
629,YAQUI
2442,Võro
2915,Mpalitjanh
438,KAROK
2409,Mingrelian
2253,Dupaningan Agta
1088,Laz
2490,Veps
1697,Kapampangan
2234,Pite Saami
955,Khmu
1320,Siwu
375,MIEN
2435,Gtaʔ
47,Maranungku
1506,Ndonga (Kolonkadhi)
2327,Rgyalthang Tibetan
2116,Sirionó
974,Faiwol
1268,umbundu
1905,Epena
2508,Sindhi
2032,Ayacucho Quechua
2525,Kami Tibetan
99,Mazateco
1630,Mbembe
2115,Zo'é
2536,Udmurt
1051,Tamambo; Malo
1334,Lika
2433,Khakas
451,MAASAI
512,PAYA
2005,Kaxararí
640,YUCATEC
1000,Secoya
1148,Sindhi
1491,Ndebele
1804,Apurinã
1713,Bhumij
304,GERMAN
2152,Pacahuara
289,COFAN
1545,Uwu
2453,Miyako
2087,Jurúna
2331,Gagauz
2784,Nari Nari
2611,Tamil
321,BASQUE
1476,Soo
258,BORORO
1629,Nugunu
479,MOVIMA
2657,Gun-Djeihmi
1246,anufɔ
1465,Ennemor
2238,Evenki
2290,Brahui
2156,Amharic
1210,Bilua
1283,machame
601,NGARINJIN
1378,Mawa
1920,Amarakaeri
160,English
1310,Foodo
2533,Ersu
1993,Yuhup
1970,Parkateje
460,MARI
2047,Ese Eja
1685,Banda Malay
2754,Yandruwandha
1490,Nouni
1634,Thok Reel
876,Esimbi
1855,Guambiano
1557,Bakaka (Mkaa')
2811,Yuwi
2638,Marringarr
2916,Ngkoth
1197,Boro
1166,Arandai
2505,Scots
500,TSESHAHT
1256,Senoufo-Cebaara
1867,Carib
2669,Mawng
2132,Ninam
1181,Bali-Kumbat
1903,Emberá-Chamí
2994,Dharumba
869,Muhiang
1507,Ndonga (Eunda)
1653,Tsuvaɗi
2297,Itelmen
2712,Bundjalung
303,DYIRBAL
1860,Shiwilu
2515,English
2182,French
2410,Laz
1878,Mapoyo
1674,Nias
2004,Katukína
2696,Yawuru
2618,Western Balochi
370,IRAQW
2449,Israeli Hebrew
376,IVATAN
1975,Umotína
206,AHTNA
2988,West Djadjawurung
418,KWOMA
1492,"Saxwe, Gbe"
849,zande
1594,Reβe
175,Punjabi
2592,Tosk Albanian
371,IRANXE
1775,Oriya
930,Macedonian
3001,Gangalidda
1562,Gban
591,NEO-ARAMAIC
690,dagbani
2189,Hebrew
2573,Soutern Tai
1968,Ofayé
277,CHAMORRO
1565,Masalit
885,Huron
2166,Chinese
1070,Pagibete; Apakabeti; Apakibeti; Apagibete;Apagibeti; Pagabete
36,Javanese
1648,Tachelhit
1177,Awtuw
1590,Jiβana
881,Golin
2023,Chachapoyas Quechua
1810,Ashéninka
733,igede
1254,fulfulde (NGA)
803,niaboua
250,BENGALI
1444,Bafia
858,Cheremis
989,Rundi
543,SHUSWAP
924,Lao
645,AZANDE
1655,Yemba
2071,Apiaká
756,krio
1227,Mewati
2690,Wambaya
1236,Sanuma; Sanumá
2917,Uradhi
283,UPPER CHEHALIS
1071,Choctaw
113,Jivaro
264,BURUSHASKI
1189,Berbice Dutch
1467,Ener
1723,Garo
896,Hill Jarawa
2212,Tausug (Suluk)
2651,Anindilyakwa
2178,English (British)
804,nsoʼ
2716,Waalubal
828,teda
2241,Meadow Mari
2120,Hoti
1405,Ikwere
2406,Welsh
2003,Kashinawa
835,toussian
843,yambɛta
2301,Kangjia
2741,Payungu
740,kakɔ
898,Jemez
310,DOAYO
2299,Bhujel
123,Shilha
2624,Bengali
819,songhoy
2844,Nhuwala
1323,Hill Guang
2324,Iron Ossetic
2440,Tukita
1614,Barein (Jalking)
2446,Karelian
1517,Looma
1035,Ukrainian
1165,Anywa
1811,Baniwa
415,TEKE
2885,Gugu Wakura
1755,Kuvi
2723,Wiradjuri
114,Barasano
31,Malagasy
1958,Gavião do Pará
1894,Chimila
798,nɔmaa
2977,Djinba
731,ifɛ̀
2881,Awu Alaya
2554,Swedish
1078,"Tlacolula Valley Zapotec; Western Tlacolula Zapotec; Zapotec, San Juan Guelavía"
2142,Nhandeva
1643,Kihangaza
2439,Kurtoep
48,Maung
883,Gunwinggu
406,KALIAI
1581,Kako
213,ALEUT
2124,Kwaza
1454,Principense
763,lɔgɔmagooi
1758,Lepca
1422,Kadugli (Miri)
2760,Wangkumara
1749,Korku
2311,Lezgian
1604,Kwami
112,Amuesha
272,CARIB
2319,Lahu
1558,Mbo (Ekanang)
1926,Cayubaba
447,LUISENO
2474,Nyinpa Cone
1746,Kon̩ekar Gadaba
2281,Modern Aramaic
2456,Purki
334,PO-AI
1102,Bikele
118,Siriono
2459,Kamassian
2531,Phu Tai
219,AMHARIC
1771,Naiki
391,KABARDIAN
1834,Warekena
1318,Copi
899,Jili
2927,Mbara
73,Delaware
686,chumburung
1156,Sipakapense Maya
510,ORMURI
844,yaouré
1573,Tuki
1695,Bikol (Bicolano)
1324,Ndut-Falor
1207,Oluta Popoluca; Olutec
2625,Kolyma Yukaghir
16,Mandarin Chinese
2265,Danish
766,limba
1683,Biak
2596,Jèrriais
2355,Kumyk
2247,Rājbanshi
295,CUBEO
2113,Xetá
1292,Madi
1742,Khezha
90,Digueno
1533,Iten
182,Komi
605,VIETNAMESE
2812,Dharawala
474,MURINHPATHA
413,ACOMA
165,Rumanian
1180,Bakoko
917,Kulung
86,Tzeltal
52,Sentani
1644,Kimochi
2262,Irish
2836,Kalaamaya
734,ijo de l'est; Eastern Ijo
2102,Sateré-Mawé
2648,Erre
1496,Bamana
431,KALKATUNGU
2164,Burmese
2970,Yardliyawarra
2898,Ayapathu
1818,Enawené-Nawé
387,JINGPHO
2990,Nganyaywana
2948,Warluwarra
2855,Malngin
1798,Vaagri Boli
326,FASU
2901,Bakanh
1164,Amanab
1799,Yerava
15,Vietnamese
1969,Panará
2224,Mennonite Plautdietsch
911,Kinyarwanda
548,SALIBA
2601,Scottish Gaelic
199,ACHUMAWI
1793,Toda
489,NEWARI
147,Zulu
1726,Gutob
2089,Kaiwá
2165,Hakka Chinese
1985,Callawaya
1743,Kod̩agu
2393,Kyirong Tibetan
560,SUI
1235,Arrarnte
2619,Galician
1028,Wa
1011,Siraiki
1374,Otoro
1641,Kimeru
2190,Hindi
2379,Southern Cuona
1824,Nanti
709,ewondo
2541,Upper Sorbian
808,podoko
2752,Ngamini
1457,Goggot
1667,Southern Sama
1574,Baka
2250,Kurdish
602,MUNDARI
879,Garadjari
2932,Kaurna
254,BAKAIRI
1262,limbum (northern)
659,arabe
1677,Makassar
2552,Abkhaz
2138,Andoa
1474,Mbay
1058,Tamil
1369,Manya
228,ARCHI
1482,Koorete
613,WINTU
2769,Malkana
1732,Juang
2713,Gidabal
74,Wichita
1308,"Banda, West Central"
1458,Masqan
394,KEFA
748,kikuyu
198,KOTOKO
87,Tarascan
2717,Buwandik
499,NORWEGIAN
128,Awiya
892,Imonda
1375,Tira
2545,Southern Balochi
166,Russian
409,KIOWA
676,bɛ̀ŋ
2528,Korku
2368,Bulgarian
2147,Yanomae of Demini/Tototopi
1141,Galician
1990,Dâw
557,NAMBAKAENGO
628,YAGUA
2078,Chiriguano
1640,Luzinza
502,LUNGCHOW
1100,Baule
2255,Dolgan
1234,Adamawa Fulfulde; Adamawa Fulani
9,Kota
1077,Iñupiaq; Iñupiat; Inupiat; Inupiaq
1914,Abipon
1363,Hadiyya
101,Cayapa
655,akan
2513,Tagalog
2084,Paraguayan Guaraní
507,OGBIA
494,NGANASAN
2590,Digor Ossetic
439,LAKKIA
1030,Washo
2457,Standard Chinese
624,KAWAIISU
130,Tigre
1400,Ahanta
2961,Ngarlawangka
900,Kabyle
1635,Ouldeme
501,NERA
2104,Tapieté
148,Gbeya
592,TSIMSHIAN
2875,Bandjigali
1744,Kolami
252,BETE
1460,Ezha
1681,Leti
703,eʋe
588,TRUMAI
724,gonja
2697,Bardi
2039,Napo Quichua
2308,Spanish
367,KOLOKUMA IJO
2384,Yodzyak Komi
1854,Cha'palaa
2019,Yagua
952,Yuma
1700,Tengger
21,Dafla
1815,Caquinte
1048,Kalabari; Kirike; Kalabari-Ijo
1560,Mbo (Ngwatta)
1952,Katukína
1094,Antiguan Creole
1008,Shona
1808,Ashéninka
1219,Torwali
2192,Igbo
30,Atayal
1622,Kuranko
2627,Pnar
444,LITHUANIAN
1711,Bengali
467,MAUNG
75,Dakota
44,Western Desert
265,BULGARIAN
360,HUASTECO
363,IAI
2757,Yarluyandi
1966,Krinkati-Timbira
765,ligbi
2851,Bilinarra
366,MOXO
2962,Ngaanyatjarra
674,bekwarra
179,Basque
2623,Portuguese
2038,Santiago del Estero Quechua
2785,Djabwurung
32,Malay
1298,Anyi
2959,Kukatja
695,dida
2956,Yulparija
776,mande
2981,Yorta Yorta
95,Hopi
2500,Bashkir
913,Kokota
482,NAMA
1620,Koshin
1988,Tsimané
1721,Gade-Lohar
1569,Mauritian Creole
2745,Tharrkari
314,YOLNGU
2198,Kunama
2239,Hmong Njua
108,Wapishana
540,SENTANI
1908,Tehuelche
1801,Kawesqar
1978,Xokleng
411,SOUTHERN KIWAI
2509,Iron Ossetic
2310,Kabardian
813,sango
380,JAVANESE
665,banda
759,kusal
2630,Bunuba
2877,Pallanganmiddang
2444,Sakha
750,kom
717,ga
2376,Northern Khanty
806,nupe
2520,Farsi
553,SPANISH
1836,Wayúu
753,kpelle
2652,Dalabon
155,Nama
1133,Panamint
2387,Telugu
1936,Taushiro
1372,Tadaksahak
71,Kwakiutl
2195,Italian
1118,Kadiweu
1211,Hoava
1913,Macaguán
2802,Gangulu
417,KLAO
2841,Martuthunira
2197,Korean
650,adioukrou
2924,Olkol
1662,Bokala-Nkole
1352,Gwandara (Karshi)
2732,Dyirbal
462,MONGUOR
174,Kashimiri
871,Korafe
2867,Kaniyang
826,tarok
1192,Bilinara
1185,Bariai
269,CADDO
1186,Befang
2477,Dongxiang
397,K'EKCHI
2441,Norwegian
604,VANIMO
2464,Mongolian
2925,Yir Yoront
977,Palauan
2374,Lue
1826,Palikúr
2487,Arbëresh Albanian
288,CAMPA
1407,Mbodomo
2186,Greek
1068,Che; Rukuba; Kuche; Bache; Inchazi; Sale
1898,Damana
1893,Muisca
332,IATE
1152,Tukang Besi
186,Turkish
1228,Aneityum; Anejom̃
903,Kamasau
2291,Naukan Yupik
2945,Wuli Wuli
954,Nandi
2659,Kuninjku
353,HAIDA
2700,Jawi
2565,Godoberi
683,bozo
1427,Lumun
791,mundani
343,KULLO
1973,Suyá
670,basaa
1584,Mere
261,BRAHUI
171,Armenian
1095,Aklan
331,FRENCH
1379,!Xóõ
2471,Tay Daeng
2027,Inga
1338,Lengola
621,BERTA
2722,Wayilwan
2008,Matsés
2999,Ngunawal
2015,Shipibo
1989,Pirahã
736,izi
1481,Gamo
747,kɔɔzime
627,KADUGLI
1833,Wapichana
2010,Panobo
585,TOTONAC
2558,Shigatse Tibetan
56,Gadsup
1806,Asháninka
2361,Saek
2307,Solu Sherpa
2571,Asturian
141,Ga
2296,North Azerbaijani
1119,Kuteb
2222,Cocos Malay
840,wobé
2112,Wayampi
322,EVEN
1019,Sumo
1528,"Aizi, Tiagba"
517,MALAGASY
723,godié
2258,Juang
2026,Imbabura Quichua
2436,Mingrelian
1410,Muyang
1066,Tatana''; Tatanaq; Tatana'
2559,Malayalam
910,Chong
1383,!Xun
990,Runyankore
2859,Walmajarri
2817,Margany
1020,Hup
2823,Yandjibara
1971,Puri
2437,Sindhi
1568,Sukuma
1519,Kyanga
1734,Kannada
1393,Dan
2298,Puxi
506,OCAINA
1731,Jaunsari
2317,Buriat
2269,French
721,gɛn-mina
1225,Tuva; Tuvan
2807,Yambina
385,JAQARU
286,MANDARIN
2562,Min Dong Chinese
1859,Muinane
1866,Bakairí
180,Finnish
2987,Awabakal
1892,Barí
365,IGBO
20,Yao
1356,Gwandara (Koro)
857,Chepang
1888,Yabarana
2403,Karaim
1168,Tanacross
2230,Xumi
2797,Bidyara
2206,Portuguese (European)
1080,Sidaama; Sidamo; Sidamic
2580,Karata
599,TUVA
2786,Wemba Wemba
2340,Basque
2228,greek Thrace Xoraxane Romane
1917,Pilagá
1436,Ndogo
909,Kharia
1411,Ngomba
2944,Waka Waka
872,Binumarien
2556,Mangghuer
824,tamajaq
833,toposa
818,sissala
2692,Ngumbarl
582,ASMAT
1170,Tinputz
2300,Laz
928,Lucazi
529,RORO
2402,Tundra Nenets
2341,Laz
3006,Wagiman
266,BURARRA
445,DAKOTA
2309,Yue Chinese
755,kresh
617,WOISIKA
1344,Mono
563,HUARI
2473,Elfdalian
1423,Kadugli (Katcha)
382,TOL
554,SELEPET
361,HUAVE
1954,Arikapú
966,Northern Paiute
1096,Ika
2887,Kuku Yalanji
1046,Polish
539,SONGHAI
1686,Manado Malay
2129,"Huitoto, Murui"
2326,Votic
1390,Buli
161,German
2318,Karakalpak
2872,Wiilman
1665,Karo Batak
1895,Cofán
2831,Mayi-Thakurti
65,Hupa
2333,Soutern Tai
1130,Nishgha
816,sereer
2539,Shixing
1341,Mwali
673,bété
1249,baka
2814,Gungabula
935,Manange
281,CHUVASH
2305,Remo
1829,Piapoco
1291,kwezo
2353,Udmurt
40,Kaliai
997,Sasak
1531,Shindazidja
77,Oneida
559,SAVOSAVO
1247,babole
1402,Buwal
1956,Canela
1276,Ikalanga
562,ATAYAL
1377,Kirya-Konzɘl
2643,Limilngan
306,DIEGUENO
1523,Efutu
2096,Mundurukú
2827,Nyangumarta
202,AMELE
1163,Alyawarra
920,Kuvi
940,Medumba
2886,Guugu Yimidhirr
313,DOGON
2532,Meadow Mari
2874,Yuwat
2292,Solon
2362,Chukchi
2058,Piratapuyo
965,Northern Khmer
982,Samo
1273,soninke (kaedi (MRT))
262,BRUU
1281,kotafon
122,Apinaye
2031,North Junín Quechua
299,DAGBANI
2806,Wiri
2207,Portuguese (Brazilian)
2237,Hunzib
2766,Pirriya
1296,Avatime
1117,Ilocano
2154,Yukpa
877,Fan
1848,Kulina
1229,Zaiwa
658,anufɔ
636,YORUBA
2199,Lizu
78,Yuchi
1280,western xwla
2577,Burushaski
2985,Dharuk
907,Karipuna Creole
1499,Cwaya
1994,Kithaulhu
1840,Yawalapití
1753,Kumauni
2612,Uyghur
1484,Komo
2020,Yameo
1475,Gumuz
1017,Sesotho
764,lɔkɔ
349,GUGU-YALANDYI
2486,Northern Qiang
572,TIGAK
718,gangam
1597,Kotoko
1965,Krenak
606,MBABARAM
178,Sinhalese
143,Igbo
2598,Assamese
132,Egyptian Arabic
2563,Temiar
1976,Xavánte
2701,Nyulnyul
2430,Cebuano
1076,Karitiana; Karitiâna
1250,aja
1463,Gura
541,SHIRIANA
725,grebo
2991,Thanggati
2420,Zhongu Tibetan
238,BAMBARA
577,TIWI
1015,South Efate
716,fuliru
2931,Adnyamathanha
739,kabiyɛ
1981,Chorote
3009,Kwini
1763,Malto
2980,Yabula-Yabula
842,yamba
561,TAMANG
2180,English (British)
1937,Ticuna
2303,Spanish
2201,Mah Meri
1473,Ongamo
1179,Babanki
1707,Awadhi
2194,Judeo-Spanish
2451,Tamang
404,LUE
2759,Kungardutji
459,MOGHOL
1555,Bakaka (Mwaneka)
593,TSOU
1002,Seimat
1429,Tocco
1583,Mambila
933,Manam
1083,"Tepehua, Huehuetla; Tepehua de Hidalgo; Tepehua de Huehuetla"
1395,Afrikaans
1542,Awngi
610,WAHGI
987,Rama
2261,Russian
2840,Kurrama
2467,Avar
393,KOIARI
1193,Binandere
2679,Marra
1441,Lutsootso
2342,Nepali
1609,Tamazight Berber
1435,Belanda Viri
2864,Balardung
2637,Marramaninyshi
2390,Bats
2771,Watjarri
1921,Cholón
1279,xwela
217,AMUESHA
328,FIJIAN
614,WIYOT
685,cerma
1615,Barein (Komiya)
2862,Nyawaygi
2693,Nyikina
1143,Mono
2614,Themchen Tibetan
1889,Oro Win
1747,Konkani
1245,Akan
2259,South Azerbaijani
1585,Mandara
1605,Gouro
229,ARABELA
3019,Piangil
2306,Balti
711,fɔn
524,QUECHUA
2838,Ngadjunmaya
5,Georgian
962,Ngomba
1554,Akoose
1335,Yanzi
421,KANURI
233,AVAR
2176,American English
184,Ostyak
668,baoulé
60,Nasioi
2597,Central Khmer
2386,Ksingmul
1004,Serrano
1842,Yucuna
2231,Xumi
1054,Mambay; Mambai
1757,Lamani
1546,Ronga
2566,Skolt Saami
518,POMO
830,tɔfin
267,BAINING
2633,Malak-Malak
2144,Alacalufe
1624,Gisiga
208,AKAN
1728,Hindi
1773,Nicobarese
2587,Sangdam Tibetan
284,CHUAVE
2910,Ndra'ngith
1843,Baure
2315,Dhivehi
566,TULU
1941,Vilela
1329,Pajade
2061,Siriano
2053,Wanano
656,akɔɔse
2491,Myeik Burmese
856,Chechen
1431,Didinga
600,TZELTAL
2030,North Junín Quechua
1201,Bukusu
1120,Awa Pit
581,TAMA
1111,Frisian
1963,Mebengokre
1800,Yerukala
2615,Basque
2803,Ganulu
1873,Ingarikó
1282,gbesi
2933,Nukunu
1337,Iikile
2853,Gurindji
188,Kirghiz
2776,Wathawurrung
2852,Wanyjirra
785,metta
2519,Soghpo Tibetan
2770,Nhanda
1205,North Marquesan
1621,Fang
2133,Sanumá
684,bulu
2698,Nimanburu
2600,Kham Tibetan
2070,Amundava
957,Michoacan Nahual
1931,Mochica
535,SEDANG
430,KAREN
1948,Huambisa
2060,Siona
2705,Antekerrepenhe
1269,ndonga
773,mambila
1182,Bamunka
779,maninka-kan
2804,Garingbal
1927,Mỹky
2772,Yingkarta
680,bisa
1009,Shupamem
1858,Miraña
2865,Bibbulman
964,Nootka
623,NGIYAMBAA
1361,Pero
2391,Yolmo
516,FARSI
226,APINAYE
2187,Greek
2063,Tatuyo
260,BRETON
1915,Kadiwéu
1242,Anyi Sanvi
152,Mahas-Fiyadikka
2450,Forest Nenets
2834,Wunumara
938,Maybrat
54,Asmat
1285,mbe
2564,Upper Saxon
2461,Nganasan
2330,Wymysorys
2943,Duungidjawu
1816,Chamicuro
1918,Toba
1221,Tshangla
906,Kar
1204,Bambalang; Círàmbɔ́
1394,Pokot
292,ISLAND CARIB
2699,Jabirr-Jabirr
719,gbaya
2075,Avá-Canoeiro
576,TIGRE
368,IK
1911,Guahibo
2161,Basque
1649,Tounia
2126,Chipaya
100,Mixtec
1500,Tiba
1835,Waurá
589,TAORIPI
706,ejagham de l'ouest
698,doayo
2978,Nhangu
1079,"Tzotzil, Chamula"
2332,Northwestern Pashto
657,angas
884,Haya
1428,Asharon
713,fulfulde
958,Nagamese
2753,Pirlatapa
1339,Kaliko
1682,"Makian, East (Taba)"
654,ahlõ
960,Ngalakan
2718,Warrnambool
169,Albanian
701,duruma
1547,"Comorian, Ndzwani"
1439,Jita
1979,Yaathe
2134,Yanomámi
1464,Gyeto
1366,Otuho
485,NAXI
1416,Tulishi
257,BIROM
454,MAMBILA
795,nafaanra
894,Isaka
2516,Asturian
1131,Low German
416,KLAMATH
757,kroumen tépo
345,GUARANI
1389,Holoholo
2054,Karapanã
571,TETUN
527,ROMANIAN
1722,Gallong
2658,Kune
1791,Telugu
1178,Baba
619,WARIS
1571,Kituba
2285,Judaeo-Spanish
1183,Bangolan
1785,Shina
2,Ket
1461,Chaha
2042,Piaroa
2227,Southeastern Pashayi
2736,Yaygir
988,Matbat
1725,Gujarati
237,BASHKIR
2044,Araona
689,dagara
3017,Guwamu
2421,Dingri Tibetan
2160,Bardi
405,KHALKHA
2009,Nukini
1420,Kanga (Kufa)
946,Mungaka
1789,Tangkul Naga
1998,Amahuaca
1576,Daba
1612,Barein (Jalkiya)
109,Goajiro
2870,Wardandi
82,Maidu
2275,Maltese
2667,Marrgu
2591,Dongwang Tibetan
1252,busa
2364,Gorum
1991,Hup
1114,Kihungan
941,Mingrelian
1862,Akurio
1146,Salasaca Quichua
294,CHATINO
2048,Reyesano
827,téén
1715,Brokskat
1354,Gwandara (Toni)
1708,Badaga
189,Chuvash
377,IWAM
639,YESSAN-MAYO
1909,Kokama-Kokamilla
2100,Parakanã
2155,Trinitario
503,NUNGGUBUYU
1716,Bundeli
1453,Basari
3016,Yangman
2183,georgian
1982,Maka
2542,Hindi
2599,Kalmyk
1504,Ngandjera
2691,Minkin
1879,Yekwana
2181,Estonian
142,Ewe
2922,Koko Bera
2628,Nyaw
2992,Djapu
2675,Kungarakany
1206,Öñge; Ong; Onge
715,fulfulde
569,TEMNE
1154,Quiche
1617,Mungbam
2621,Jibbali
1530,Tinɔr
2654,Ngalakgan
280,CHEROKEE
1365,Nyanga
1710,Banjara
1478,Bench
2213,Temne
1381,Kagulu
1977,Xerénte
1494,Bijogo
2146,Yanomama of Papiu
1232,Jicarilla Apache
1450,Tigemaxo Bozo
959,Ngishe
2294,Thakali
399,KET
1795,Tulu
2498,Eastern Hill Balochi
2065,Tuyuca
2373,Atayal
1404,Lamang
2527,Walungge
2103,Suruí
154,Maasai
149,Songhai
1676,Buol
300,DAJU
542,SHILHA
2415,Denjongka
1073,Pilaga; Pilagá
187,Azerbaijani
2057,Máíhɨki
2523,Salar
2934,Wirangu
1701,Abujmaria
1306,Krache
1983,Chulupí
1196,Bongo
677,bhele
389,KASHMIRI
116,Carib
2777,Woiwurrung
1770,Mundari
4,Kabardian
1955,Borôro
521,PASHTO
212,ALLADIAN
1144,Indonesian
669,bariba
28,Yay
2503,Ukrainian
384,JAPANESE
555,SOCOTRI
1733,Kangri
2273,Hill Mari
293,TIDDIM CHIN
72,Ojibwa
1904,Northern Emberá
2825,Karajarri
2818,Gudjal
2136,Chamacoco
2334,Friulian
220,AMO
820,soninke
201,ARRERNTE
1264,N'cam
2349,Adyghe
151,Logbara
379,YANYUWA
2973,Dhay'yi
121,Chacobo
2233,Vietnamese
1332,Blin
1522,Bankon
2702,Alyawarr
771,lugbara
2029,Jauja-Huanca Quechua
2742,Purduna
434,KUNIMAIPA
2028,Inga
1999,Arara do Acre
1945,Yurakaré
412,KHMU?
1174,Sursurunga
1440,Dime
49,Nunggubuyu
2485,Taz Selkup
870,Usarufa
2787,Wotjobaluk
570,TEMEIN
969,Nulibie
1040,Tatuyo
230,ARAUCANIAN
2709,Lower Southern Aranda
1636,Balese
1539,Jere
2775,Boonwurrung
2568,Icelandic
2731,Yagara
1896,Kogi
2012,Saynawa
487,NDUT
860,"Tila, Chiapas"
2604,Polish
2725,Yuwaalaraay
2935,Parnkalla
145,Swahili
1304,Kilba
2830,Mayi-Kutuna
667,bandi
1340,Wongo
904,Kanoe
308,DANI
1426,These
1946,Achuar-Shiwiar
720,gbaya
2728,Jandai
2024,Cuzco-Collao Quechua
26,Lakkia
248,BANDJALANG
1313,Burun
2521,Irish
1797,Urdu
2950,Yanyuwa
96,Pima
2425,Catalan
120,Amahuaca
2184,German
708,engenni
2743,Thalanyji
2346,Baima
1776,Paite
2211,Sumi
1055,Aragonese
11,Kharia
2316,Lithuanian
1923,Aʔɨwa
2578,Lisu
1738,Kashmiri
2530,Domari
574,THAI
1175,Awara
2086,Júma
905,Kensei Nsei
2257,Caodeng rGyalrong
2783,Jardwadjali
309,KAM
1104,Biloxi
224,ANDOKE
1587,Digo
2470,Frisian
2729,Djindewal
886,Huichol
2218,Isthmus (Juchitán) Zapotec
1194,Bobo
2835,Galaagu
1248,bana
362,ARMENIAN
1745,Kon̩d̩a or Kubi
1900,Woun Meu
2214,Tera
1212,Filipino
442,LUGBARA
461,MIXTEC
2359,Ho
2109,Tupinambá
1960,Jabutí
528,ROTOKAS
2904,Kok Nar
2668,Wurrugu
2153,Yukpa
448,LUO
2141,Záparo
1777,Parji
1446,Olukisa
1813,Baré
1863,Apalaí
282,CHAM
692,dangme
1303,Genyanga
1480,Zayse
2006,Korubo
1822,Matsigenka
2345,Western Balochi
316,EFIK
355,HIXKARYANA
1849,Paumarí
176,Hindi-Urdu
2343,Rusyn
1424,Morokodo
2210,Spanish
1343,Mundang
908,Kenyang
89,Pomo
1784,Sema
3004,Yangkaralda
1486,Opo
687,daba
1266,matuumbi
1399,Nzema
2641,Emmi
1625,Moghamo
2458,Greek
2595,Turkmen
1861,Shawi
2481,Konda
1251,bila
2188,Hausa
1045,Toba (Argentina)
597,TURKISH
867,Denya
1783,Santali
975,Oku
2043,Sáliba
2938,Gureng-gureng
1819,Iñapari
2117,Yuqui
530,RUSSIAN
1503,Kwambi
436,KWAIO
1607,Kulango
185,Yurak
194,Gilyak
2405,Dutch
712,fulfulde
163,Portuguese
937,Mara
2755,Nhirrpi
1075,Kurripako; Baniwa; Baniwa (Icana)
1284,mada
699,dogon
278,CHIPEWYAN
2434,Eastern Khanty
1934,Páez
2687,Jingulu
1559,Bassossi
1673,Moken
2479,Panjabi
2547,Tulu
647,ZULU
10,Mundari
550,SIONA
2574,Chechen
1493,Laarim
522,PAIWAN
1082,Chimariko
279,HIGHLAND CHINANTEC
2833,Ngawun
829,tem
2469,Forest Enets
457,DIZI
1056,Tilquiapan Zapotec
837,vute
1964,Krahô
2081,Guajá
1957,Bésɨro
2302,Maithili
2067,Yurutí
1010,Siar-Lak
1447,Nyole
193,Yukaghir
1161,Agaw
1172,Patep
644,YAWA
2913,Luthigh
1386,Tee
2033,Bolivian Quechua
612,WIK-MUNKAN
61,Aleut
1157,Chimborazo Quichua
1108,Sochiapan Chinantec
2588,Baoan
1047,Standard Chinese; Mandarin
532,SANDAWE
203,ANGAATIHA
2856,Mudburra
1455,Nkonya
1064,Hanga Hundi; Kwasengen; West Wosera
2535,Finnish
1901,Emberá-Baudó
1101,Remo
793,murle
1916,Mocoví
2896,Wik Mungkan
1097,Karo
437,KWAKW'ALA
1940,Urarina
2139,Arabela
533,SANGO
1081,"Bajau, West Coast; Land Bajaw; West Coast Bajao"
949,Namia
1041,Tagwana
596,TUNICA
1380,Koalib
2077,Chiriguano
209,AKAWAIO
2427,Italian
831,themne
556,SIRIONO
1195,Bole
1489,Lusaamia
2914,Mbiywom
1857,Bora
291,HMONG
855,Chamicuro
2517,Phu Tai
1586,Chonyi
1592,Kauma
2360,Rawang
1515,Kakabe
468,DADIBI
2157,Arabic
1953,Apinayé
2734,Baanbay
236,AZERBAIJANI
2869,Pinjarup
2429,Northern Qiang
2383,Darma
2982,Bigambal
2090,Kamayurá
1315,Maay
290,KONYAGI
1099,Toba-Batak
758,kuria
565,TICUNA
2375,Aragonese
1351,Karimojong
68,Squamish
2688,Binbinka
1348,Galke
1325,Frafra
2655,Ngandi
1278,longto
1924,Camsá
2274,Czech
373,ITELMEN
1825,Nomatsigenga
1588,Duruma
1173,Kela
2399,Eastern Yiddish
861,Chrau
398,KERA
622,CHANGZHOU
1529,Alladian
1445,Lango
2622,Western Balochi
1527,Adioukrou
2678,Nakara
466,MALAKMALAK
450,MAZATEC
948,Mwotlap
760,lama
2017,Yawanawa
1087,Lake Miwok; Miwok (Lake)
1290,kete
2790,Thangguai
1485,Twampa
158,Icelandic
2177,English (Australian)
1495,Dompo
2969,Wadikali
1694,Bugis
2264,Tod Tibetan
895,Jalonke
912,Kirike
2397,Paiwan
1050,Dutch
2329,Tsez
2813,Dharumbal
383,JIVARO
1253,fulfulde (fuunaangere)
1802,Mapudungun
1693,Balinese
970,Kinyamwezi
681,bobo
136,Katcha
749,kisiei
1367,Orusyan
1421,Kadugli (Kadugli)
216,AMAHUACA
2062,Tanimuca-Retuarã
2947,Eastern Wakaya
2325,Ligurian
1483,Aari
497,AO
1085,Dupaningan Agta; Eastern Cagayan Agta; Dupaninan Agta
2907,Walangama
2216,Itunyoso Trique
754,kpɛlɛwoo
97,Otomi
195,Chukchi
752,konkomba
2344,Gurung
85,Chontal
2816,Gunya
1645,Kisimbiti
2662,Jawoyn
1316,Mabaan
2744,Jiwarli
2801,Gabalbara
137,Kpelle
1137,Eastern Khanty
2337,Luxembourgish
1541,Logba
1729,Ho
615,WANTOAT
845,yemba
1720,Didayi
83,Zoque
1238,Crow
2066,Waimaha
111,Moxo
1550,Attie
2762,Wangkangurru
244,BAI
1823,Mehináku
1065,Blang; Plang; Bulang; Pulang; Pula; Kawa; K''ala; Kontoi'
2782,East Djadjawurung
1505,Ndonga (Kwaluudhi)
2989,Katthang
1063,Tsuvadi; Avadi; Abadi; Evadi; Kamberi; Ibeto
126,Margi
2220,Kera
603,UZBEK
2414,Northeastern Thai
341,NANAI
1628,Ngiemboon
1664,Iyive
1025,Yurok
378,JACALTEC
2613,Burushaski
2431,Wazirwola
2975,Gumatj
374,ITONAMA
2843,Ngarluma
1105,Belizean Creole
2137,Ayoreo
2695,Jukun
1384,Banjun
2369,Spiti Tibetan
2035,Huaylas-Conchucos Quechua
1737,Kasaba
1832,Terêna
129,Iraqw
1425,Aringa
2170,Dutch
523,PHLONG
2534,Khalong Tibetan
2428,Georgian
1995,Latunde
2002,Chácobo
784,mende
2001,Cashibo-Cacataibo
2666,Amurdak
2837,Mirrniny
1433,Acholi
1650,"Senoufo, Cebaara"
1359,Shilluk
1767,Mishmi
737,joola
1401,Besleri
1613,Barein (Giliya)
1684,Ambon Malay
139,Dagbani
1658,Anii
2610,Kabardian
2681,Alawa
2937,Kukata
2244,Lithuanian
1759,Lotha
2447,Slovak
125,Angas
1414,Silt'i
274,NYAH KUR
1769,Moyon
1031,Wayana
2254,Laz
1739,Kattunaika
914,Kole
2013,Shanenawa
414,KEWA
544,SHASTA
1616,Gaahmg
1295,Afitti
2356,Chantyal
587,TLAPANEC
2091,Karitiâna
1370,Syan
1057,Ibibio
976,Ossetian
1471,Chindali
2472,Soutern Tai
2135,Yanomamö
1089,Juang
2395,Ket
1126,Mandingo
2900,Kuugu Ya'u
140,Akan
1261,limbum (central)
2730,Turubul
2538,Muria Gondi
1520,Shanga
1606,Cape Verde Creole
1992,Nadëb
1874,Japreria
1,Korean
2348,Western Balochi
62,Inuit
2555,Catalan
1158,Tepehua
2276,Chechen
1442,"Jamsay, Dogon"
2670,Garig
1809,Ashéninka
873,Eggon
775,mampruli
745,kasem
626,KPELLE
2919,Atampaya
642,TAISHAN
505,NYANGI
761,lele
2280,Tshangla
2056,Macuna
751,komo
1830,Resígaro
214,ALAWA
1540,Leggbo
649,abidji
222,AMUZGO
583,TACANA
2779,Ladji-Ladji
1098,Lebanese Arabic
932,Ma''di'
1014,So
2996,Djirringany
2007,Matís
1488,Mayogo
1688,Larantuka Malay
1128,Western Mam; Tacanec
1309,"Dinka, South Central"
1301,Fula (Nigeria)
2408,Iron Ossetic
2918,Angkamuthi
586,TAMPULMA
2277,Kannada
2260,Kildin Saami
1113,Wanano
297,DANGALEAT
207,AINU
2445,Kolami
443,LAHU
2792,Keramin
2422,Northeastern Thai
369,IRARUTU
1224,Pwo Karen
34,Sa'ban
45,Nyangumata
1392,Kinyambo
1932,Movima
2809,Yetimarala
1092,Apurinã
1551,Angolar
1536,Idu
663,baka
2460,Komi-Zyrian
2966,Kala Kawaw Ya
2911,Thaynakwithi
1502,Mbalanhu
2998,Ngarigu
408,KHARIA
1317,Nizaa
616,USAN
796,nawdm
2768,Badimaya
1883,Pémono
2036,San Martin Quechua
2016,Yaminawa
1796,Urali
2463,Dhimal
458,MBA-NE
2543,Gadaba
35,Sundanese
469,WEST MAKIAN
133,Moroccan Arabic
1671,Phan Rang Cham (Eastern Cham)
538,SELKUP
545,SINHALESE
69,Salish
1704,Ao-Naga
351,HAUSA
1552,"Oromo, Eastern"
1928,Itonama
